-1.589023386,0.705860861,1
-2.005329262,0.178755448,1
2.0288881,0.298682996,1
1.133438983,-0.845153877,1
0.763083313,-0.011119511,1
0.526246773,0.800334781,1
-0.979679346,-1.494297189,1
0.13700371,-0.393428818,1
-0.26664364,-1.326258131,1
0.455153243,1.338116169,1
-0.565548127,0.456685187,1
2.471638644,1.297876831,1
-1.245715532,-0.371819635,1
0.783822796,0.557761853,1
0.657480758,0.60319531,1
-0.281116699,1.029130815,1
3.061355126,0.247197034,1
-0.436572369,0.528540506,1
-0.128566179,-1.63582617,1
2.185428855,1.227708384,1
1.694318305,-0.494827888,1
-1.489826695,-0.68146009,1
1.11612063,-1.664838564,1
0.425333667,0.098398165,1
0.543109501,0.078018317,1
-0.559188451,0.350822626,1
-1.318081143,0.640646524,1
-1.368036483,-0.301633558,1
-1.175396729,1.073993299,1
-0.606761482,-0.453051103,1
-1.179738324,-1.209693872,1
1.007916446,-0.412320355,1
0.246803227,-0.693573782,1
0.22472549,0.15935223,1
-1.2185321,0.428913701,1
0.729602426,-1.128043416,1
-2.511052227,0.294406038,1
-0.643249726,-0.512159182,1
0.59550519,0.906334173,1
2.002306126,-0.731183579,1
-0.414639429,-0.086663773,1
0.868573803,-0.507534987,1
2.246588009,-0.258462284,1
-0.625355194,0.525137771,1
-0.701794781,-0.736508215,1
2.314025362,-1.38321625,1
0.117880032,-0.982082763,1
1.140671262,-1.347676171,1
0.30782138,0.474855793,1
0.74951113,0.203855767,1
0.657652289,0.736706578,1
0.437012456,-0.782006175,1
-2.791120015,0.345770126,1
-0.531725344,-0.578311612,1
-0.453650771,0.60857513,1
-0.881764185,0.568222086,1
-0.779323972,0.19450868,1
-0.509585534,1.921669203,1
-1.204965922,-1.06364051,1
0.044462164,-0.21401317,1
-0.792295961,0.006419802,1
-0.761767999,0.187399167,1
-1.633064871,0.744766299,1
0.87813229,1.433323285,1
-1.847696119,-0.666400257,1
0.796593302,0.163922066,1
-0.00313213,-2.014761669,1
0.634586414,-1.65008939,1
-0.651624637,0.133948047,1
0.536953663,-0.021939854,1
0.93974207,-0.627368682,1
0.224886078,-1.572022473,1
0.163325096,-0.380299946,1
0.02972227,1.096896669,1
-0.133177928,0.358979748,1
0.16304891,-0.835892682,1
-0.35915544,-0.040978129,1
-1.731818165,1.081008492,1
1.066619204,0.686581904,1
-0.641022184,-2.285094228,1
-0.099074691,0.235623678,1
-0.164638127,0.792658297,1
0.635970994,-0.16104156,1
1.502346607,-1.145204302,1
-2.185419264,0.155519923,1
0.288467924,0.440059453,1
-0.406008131,-0.47186913,1
-1.370842837,-0.316692818,1
-0.359220715,-0.010801659,1
-0.161028067,0.44226034,1
2.231080732,0.356308425,1
-1.464903002,0.637502653,1
1.932027557,-0.29653,1
0.027729587,-0.86746282,1
0.831831531,0.807720849,1
-0.429993421,0.665294165,1
-1.05352829,-0.902525486,1
0.658364023,0.487884626,1
0.785046108,0.637847754,1
0.919478714,-0.653487671,1
-0.238113027,1.391086295,1
0.991509211,0.151971228,1
-0.199119739,-1.395351777,1
1.317926027,0.312225594,1
0.144809231,1.146366338,1
-0.248958545,-0.72628161,1
-1.691451573,-0.249585322,1
2.29562876,1.365683498,1
0.719577624,0.785492276,1
-0.414688257,-0.24770915,1
0.203475001,-0.416732352,1
-0.31729197,0.436430317,1
-0.626750899,0.481847269,1
-0.821407439,0.314035752,1
-1.557956478,-0.712180564,1
1.373410077,0.079517164,1
0.866809167,0.50732816,1
-0.195202904,1.464334687,1
-0.383592044,1.355074708,1
1.004969136,-0.143317124,1
-1.848060975,-0.275153141,1
-2.855897445,-0.317912434,1
-0.859184538,1.921388819,1
-0.962583797,1.093516077,1
1.40483441,1.815168254,1
-0.853427278,0.142660349,1
-1.714078652,0.764051596,1
-1.528007156,-1.686575676,1
-0.493628466,-1.281106507,1
0.697866633,0.137589999,1
-2.5740185,-0.926814431,1
-0.523765372,-1.570449722,1
-0.768464707,-0.215935633,1
1.165553005,1.028667161,1
2.07043153,-0.543262953,1
0.541638982,-0.252133633,1
0.738668638,2.273377307,1
-0.638783869,1.723759892,1
-1.027603159,-0.772720346,1
-0.087274556,0.013930939,1
0.75369094,-2.23779799,1
2.213808102,0.507166384,1
0.268443783,0.094914826,1
-0.97926694,0.379835849,1
-0.974447345,1.344934336,1
-1.123199173,0.572808699,1
0.643349917,-1.410099004,1
0.381771196,-1.618990227,1
0.147831119,0.184550854,1
0.481341829,-0.629316442,1
-0.093540008,-0.943766071,1
-0.538224507,-2.246945057,1
0.438291442,-0.736673765,1
0.587050369,0.852353546,1
-1.028667571,-0.654782925,1
-2.327008148,-0.005504508,1
-0.656071892,-0.638404635,1
-1.157508973,0.22593353,1
-0.900626529,-0.136506732,1
0.976581898,1.227318392,1
-0.758645575,-1.080756723,1
-0.110845188,0.364651656,1
2.872106126,0.151200963,1
0.023042302,-1.749840096,1
-0.994894125,0.314558528,1
0.218884304,-1.053134454,1
-1.442122816,-1.343928368,1
-0.76149304,-0.080484443,1
-0.546094225,1.175645198,1
0.011821099,0.499407025,1
1.207166094,1.505584951,1
0.156873956,-0.416338037,1
-0.195069068,0.006836366,1
0.228141774,0.51080334,1
-1.200888322,0.881928012,1
0.41075248,-0.680775487,1
-0.628486599,-0.414154519,1
0.491040454,-0.102136784,1
-0.355846397,-0.065598415,1
-0.90824021,0.310069171,1
-1.723162965,0.401303419,1
0.160347896,-0.37378127,1
0.464123672,0.212754417,1
-0.58017294,0.873321402,1
-1.365220247,-1.199357236,1
-1.167073623,-0.520822959,1
1.030656689,-2.371698022,1
-0.739577698,1.274321998,1
0.283183853,1.004018705,1
-0.015963395,-0.493551792,1
0.996638135,-0.490121148,1
-0.551678133,2.164540913,1
0.01972,0.199834896,1
1.733938289,-1.590829018,1
0.738265291,1.23352872,1
2.190645328,0.426290103,1
0.234524976,1.230573423,1
0.691141182,1.311131048,1
1.108447822,-2.353676607,1
0.97799369,-0.25332773,1
-0.933807295,2.390921077,1
-2.056217018,0.027139041,1
0.58313627,-0.556281746,1
-0.850820452,0.076021392,1
2.131319912,1.306824803,1
0.544003655,-0.083787354,1
0.705080253,1.569772238,1
0.728003036,-0.803856793,1
1.154987756,-1.308110262,1
-0.300535512,-0.739019464,1
-0.065824784,-0.564669461,1
0.222631431,0.207799017,1
1.059335414,1.930024446,1
0.493251054,-1.325145497,1
-0.52148975,-1.838083745,1
0.954909055,-0.807689338,1
0.278973279,-1.657282062,1
-1.002460811,0.1688867,1
0.031289511,-0.092378306,1
-1.132209708,-0.908952312,1
-0.743014575,0.56711847,1
0.595711514,-1.428857519,1
-1.907924003,-0.252912682,1
-1.429951316,0.26538881,1
1.401678953,-0.216040569,1
0.42375253,0.08230357,1
0.64629391,-0.437578431,1
1.046724701,-0.587859487,1
1.254821166,-0.275512287,1
0.301823104,0.015546739,1
0.848251734,-0.563374852,1
-0.753829767,0.075856135,1
-0.296689899,0.859905705,1
-0.328739566,-2.179973585,1
-0.682728675,-0.484604684,1
-0.524739369,0.085770632,1
0.449571711,-0.07233245,1
-0.230808026,1.859887868,1
0.154614849,0.895788232,1
-0.395526704,0.56286368,1
0.06290451,0.732701408,1
0.958318735,-1.032473607,1
-1.721382936,0.658315903,1
1.363689249,-0.30991581,1
0.571687162,-1.961947871,1
1.424633794,-2.152943363,1
1.060374207,0.746148966,1
-1.24767036,-0.649753566,1
-0.129011826,-0.023671885,1
-0.469315655,-0.336010832,1
-1.437713854,-1.040160262,1
1.596567448,-0.536735677,1
-0.349867275,0.416152093,1
-0.239913742,-2.243005604,1
0.925542352,0.305987388,1
-0.134572384,-0.909259858,1
-0.126842179,0.910249758,1
0.460819438,-0.053673938,1
0.660575586,-0.152543348,1
0.815713212,-0.972064446,1
0.589902699,-1.124629046,1
0.835704158,1.129737725,1
-0.39905157,-1.049642714,1
-1.75743666,1.02902638,1
1.972480203,1.05136355,1
-0.593558379,0.091612802,1
1.578731659,0.506267937,1
1.545746535,-0.395074882,1
0.904430289,-0.52377659,1
0.68254495,1.293057493,1
0.200396913,-2.638775801,1
-0.180379188,-0.409722019,1
-0.433028697,-0.227601039,1
-0.635949461,-0.782633164,1
-0.585828896,1.379580526,1
1.69992171,-0.047812097,1
-2.057833822,0.529389508,1
-0.206093992,-0.463208765,1
-0.398396115,0.313149882,1
0.914799605,-2.448462752,1
0.262535879,1.239921498,1
-0.962986445,0.726324537,1
1.292602127,-0.731738911,1
1.587788085,0.948501065,1
0.285598334,1.009198134,1
0.118386298,-1.256754798,1
0.379676214,0.670983789,1
-0.452431419,0.296046654,1
1.391793504,-0.532076064,1
-1.856547291,-0.08948321,1
1.477883893,1.858111768,1
-0.777202702,-0.181464965,1
-0.821682195,-0.709738543,1
0.161559427,0.60482367,1
0.341558277,1.04115239,1
0.548981617,-0.056547222,1
0.606604094,-0.229295585,1
-1.342151227,1.080446932,1
0.702622127,1.686135859,1
0.683794478,-0.227653726,1
0.723806451,5.103026906,-1
-1.892740021,4.742640968,-1
-0.703149321,5.805164263,-1
-0.655524302,7.048623449,-1
-1.385859148,6.677734368,-1
0.040293548,5.163687019,-1
-0.839363953,9.045226392,-1
-1.028714872,3.351102357,-1
1.110307023,3.218716524,-1
0.090191457,10.97524865,-1
1.141898024,6.687585333,-1
0.304025315,8.102129429,-1
1.856161993,4.301894738,-1
0.618596786,5.695913515,-1
0.651861161,9.501132941,-1
0.937341281,5.844011415,-1
-0.873093017,4.955835198,-1
-1.050417084,6.125963662,-1
1.075945145,1.554490906,-1
0.903193268,7.796520398,-1
-0.816328667,4.861959259,-1
-0.106563618,3.988717785,-1
-0.014246725,5.023519056,-1
0.58150024,5.351009366,-1
0.342838481,4.609352148,-1
-1.466745778,1.986542829,-1
0.952963985,4.389252651,-1
0.096192343,5.855949577,-1
0.198628579,4.044803449,-1
0.305554777,4.845423747,-1
0.204119183,5.307414244,-1
-0.273076066,6.299698826,-1
-0.99854915,6.144055289,-1
-0.294659063,4.772777128,-1
-0.417272905,3.635810345,-1
0.830243904,3.538303145,-1
2.404791194,6.779792525,-1
-0.699037514,5.044212563,-1
0.843313075,7.211758229,-1
0.431177895,7.081358032,-1
0.154273921,7.867340086,-1
0.750126006,7.251148634,-1
0.472205249,5.413359609,-1
0.115759106,6.126880206,-1
-1.28918555,6.585007888,-1
-0.778688694,5.829152006,-1
1.387012368,3.986376315,-1
0.804393733,5.058692725,-1
0.469654976,9.614429963,-1
1.323262481,5.134714598,-1
0.44765164,3.674875192,-1
0.077204655,6.260447055,-1
-0.300574063,5.22726098,-1
-0.509344981,9.201305955,-1
-0.079462367,7.182546753,-1
-1.508997203,6.983010627,-1
-0.286185034,4.704858294,-1
1.372396272,7.985541854,-1
-0.170626169,4.419094498,-1
0.176609182,8.454477667,-1
0.274156033,1.597224349,-1
2.199408756,8.975021394,-1
-1.047529434,4.592551747,-1
-1.360769495,5.63076274,-1
0.640337432,5.712463296,-1
0.820908667,6.623703061,-1
-0.543959905,6.58312629,-1
-0.917934115,9.235005895,-1
-0.189267149,5.835511006,-1
-0.713666702,6.504344497,-1
0.497225054,7.123239884,-1
0.201161018,6.522489371,-1
-3.331762856,5.511086385,-1
0.123950921,7.200222726,-1
-0.985510663,4.151281917,-1
-0.751126962,5.229141902,-1
0.222708269,7.013263,-1
-0.620371224,6.060581184,-1
-1.338492782,7.284370932,-1
-0.198231924,4.985741943,-1
-0.746182747,4.355945253,-1
-0.434169351,6.066087744,-1
-1.680042902,5.587658085,-1
0.893113201,3.103469135,-1
-0.234017904,5.94361343,-1
0.114706623,5.842858335,-1
-1.20453283,2.908220017,-1
-0.157437706,1.832408196,-1
1.283403627,4.948233016,-1
-0.082462463,9.260754637,-1
1.124397317,6.844734073,-1
0.565262399,10.00110357,-1
0.176128804,4.029652609,-1
0.017210881,6.159800559,-1
-0.284063804,3.754267317,-1
0.979672404,9.407230524,-1
0.542885153,3.563074007,-1
-1.328248713,6.355693705,-1
1.394660484,6.972685625,-1
0.032123797,3.891331663,-1
0.729672723,8.323842268,-1
0.510247644,4.674008641,-1
1.257542446,3.350625634,-1
-0.949808352,6.241275844,-1
-0.187982834,5.553197558,-1
-0.308675566,6.090125895,-1
1.473923572,5.063314385,-1
2.321889991,8.187507328,-1
-0.359199999,6.15292259,-1
0.440982297,7.212469272,-1
-1.399552441,3.063572644,-1
-0.121209086,8.336099408,-1
-0.93123703,4.909937058,-1
0.461751909,8.450980832,-1
2.021193834,3.832534473,-1
-0.033396343,6.21584042,-1
0.387592499,1.062498622,-1
0.990864839,4.742541502,-1
-0.945305162,7.561032502,-1
-1.607546942,6.524203652,-1
-0.035823708,8.314431051,-1
-0.863527096,6.958816997,-1
1.347303347,3.515297032,-1
1.43195629,6.860352238,-1
-0.676604391,5.915751578,-1
1.285933864,9.601289201,-1
-1.315880762,7.059542943,-1
0.386101018,7.970949258,-1
0.058905818,6.976655021,-1
-0.027168259,5.113826468,-1
-0.563015066,7.434143753,-1
-1.032213848,7.584362374,-1
-0.30744193,7.866523565,-1
0.506282967,5.535411532,-1
0.322559746,3.155452842,-1
1.036892309,7.273629075,-1
-0.63267704,4.958825863,-1
-0.926836781,8.446385997,-1
0.176140445,5.007127868,-1
-0.443943616,8.795047494,-1
0.946064096,9.579580117,-1
-1.450426145,3.998056587,-1
-0.51692817,7.131296728,-1
0.092535052,7.978433757,-1
-0.566791889,6.680219711,-1
-0.986347244,4.151349913,-1
1.072684223,3.327321941,-1
0.891908874,8.451293422,-1
1.695457087,6.742382542,-1
0.639240619,2.842030125,-1
-0.553346758,3.750864384,-1
-0.275572112,8.046739556,-1
0.359185709,4.758878683,-1
1.17744447,7.940461674,-1
-0.191210923,7.957209326,-1
-1.678346095,4.428487016,-1
-1.007261458,8.266211622,-1
0.646125195,7.590652591,-1
0.004742772,2.919557721,-1
0.933515851,6.648595355,-1
0.428633921,7.629137435,-1
-1.416309638,7.885886399,-1
1.252928412,5.121076001,-1
-1.251471395,7.876389941,-1
-0.082476193,3.385779967,-1
0.131336921,3.987013354,-1
0.42095087,6.269034674,-1
1.443009748,5.683198531,-1
1.047174284,5.117133007,-1
-0.987304117,7.882517303,-1
-0.960288627,7.600772545,-1
1.022210512,4.773844315,-1
0.62866227,4.809234935,-1
0.180160277,8.606914734,-1
-0.044130423,7.03841866,-1
0.592770299,5.045233782,-1
-0.467291664,3.403282839,-1
2.149976564,6.469534046,-1
-0.043851476,4.950990045,-1
-0.031839928,3.797848356,-1
-0.371524368,5.791360359,-1
0.233495594,5.995676222,-1
0.142262857,6.209706533,-1
-0.906012692,4.72500255,-1
0.930680391,6.21222827,-1
-0.679548688,6.10307414,-1
-0.88505499,5.821644022,-1
0.472821798,6.177833933,-1
-0.470574474,5.278347471,-1
-0.293260272,8.674733178,-1
-1.457805339,7.09286223,-1
-0.637806417,4.398825191,-1
0.624482484,9.064915453,-1
-0.221872048,2.302955102,-1
-0.049171842,5.050370577,-1
-0.999886526,7.610846942,-1
-1.685552791,9.510989099,-1
-0.834138631,4.804424215,-1
-0.536940497,10.16979677,-1
-0.438519283,9.101859412,-1
1.062585591,7.88102116,-1
-0.302294123,5.640883607,-1
1.297631921,6.102450457,-1
1.516102977,9.617547045,-1
0.148565091,8.778074204,-1
-0.530861623,6.631635935,-1
0.107475853,6.376625062,-1
-0.421000348,9.117765799,-1
-0.225211526,7.319508629,-1
0.712909349,6.089721796,-1
0.778703231,6.371749447,-1
-1.286704862,7.085501925,-1
-1.122585339,4.825346815,-1
1.25711393,5.156398143,-1
-0.496783058,4.448028721,-1
-0.554185067,6.701116163,-1
1.519628864,5.639991909,-1
0.779661271,6.951569654,-1
1.239315649,3.569719248,-1
-0.515100703,4.539351048,-1
1.63340825,7.936881924,-1
-0.445370746,6.6065251,-1
0.118948398,8.926417522,-1
-0.855526879,8.118793051,-1
0.156921683,5.986678333,-1
-0.290837539,7.054337446,-1
0.464383764,5.85171598,-1
-1.148362575,5.393063093,-1
-1.151465818,4.087670108,-1
-0.925596232,7.268907791,-1
-0.757507407,7.430687681,-1
-0.855923102,5.56557158,-1
-0.557742271,5.718750339,-1
-1.605491487,6.425753239,-1
-0.894140492,7.650781317,-1
-2.082276997,3.467954978,-1
-1.633125274,5.775706191,-1
0.425500387,7.101746934,-1
-1.150583573,7.128209931,-1
-0.134857121,7.58525646,-1
-0.739463191,6.605421172,-1
0.804852101,5.398897698,-1
-2.348281859,4.856008338,-1
0.013495486,8.667888406,-1
1.54901194,7.316898034,-1
0.904742526,7.890590019,-1
0.669560413,8.790091515,-1
-0.40945228,6.255041912,-1
3.384881957,5.379382164,-1
-0.097384998,6.482011745,-1
1.031826395,7.258923356,-1
1.716426733,2.46622838,-1
-0.26545757,7.734406952,-1
0.027174428,2.625431867,-1
-0.359886006,5.778951379,-1
-1.012852073,5.542948317,-1
0.73018625,2.104127443,-1
-0.081872109,5.089013327,-1
-1.893241704,6.996973517,-1
-0.046317353,7.669445668,-1
1.102190136,4.068630099,-1
-0.196313208,3.384228292,-1
0.435156103,8.716625118,-1
-0.170028783,6.167583142,-1
-2.0404909,4.751841304,-1
-0.5270516,5.370097983,-1
-0.205971783,4.753662785,-1
-1.513101568,6.563811686,-1
-1.9052761,7.3332886,-1
0.751622001,2.696976874,-1
0.387672857,2.075267502,-1
-0.782775421,5.910390026,-1
-1.702424313,5.215038292,-1
1.077115606,8.808105146,-1
0.959586762,5.555401335,-1
-0.59704141,5.430220169,-1
-0.071981162,3.907519828,-1
0.480767739,8.931173327,-1
-0.260799674,8.225802227,-1
0.159828019,5.334888796,-1
1.876242022,5.261035035,-1
-0.003702714,7.46632666,-1
1.263119679,3.611094013,-1
0.904984109,5.103526484,-1
-0.749300286,4.896524491,-1
1.263724445,5.762413652,-1
-0.614774492,11.03090645,-1
0.441163975,3.464384158,-1
-0.029794683,2.983765278,-1
-0.356444277,9.270894747,-1
1.127186352,5.890807329,-1
0.508790271,7.25340275,-1
-0.157880225,3.828386971,-1
0.845072541,4.519330816,-1
0.639190913,6.329951019,-1
0.739136548,5.106285801,-1
0.002743689,9.100997642,-1
-1.856896593,7.094787346,-1
0.350106183,5.086661956,-1
1.173776832,4.652896001,-1
-0.778334456,11.80786113,1
1.417971703,11.53062623,1
1.20019197,13.47104623,1
1.606836326,10.53466165,1
-2.280375436,10.63613751,1
-0.750874796,11.68420502,1
2.266266964,12.92160769,1
-2.971476905,13.13957189,1
0.917317022,9.974987893,1
-2.050336722,12.55996259,1
1.688651222,11.17731649,1
-0.645857996,11.69979559,1
3.538294595,10.03774118,1
-0.391761218,11.60216198,1
1.336659807,11.10752829,1
-2.250580911,11.22157213,1
-0.801255028,13.44365313,1
0.699359723,13.15316992,1
-5.117203404,12.52984357,1
0.041510089,10.78032313,1
-1.452653876,10.75783313,1
-0.893780793,12.29064561,1
0.401202934,10.03567911,1
3.704109643,11.90176927,1
-2.401242696,11.22985086,1
-0.656702018,12.36661268,1
-1.12974822,10.7887691,1
-0.907023556,11.81327004,1
0.658867585,10.2015729,1
1.538424993,12.06648534,1
0.16498121,11.76288207,1
-2.000987579,10.2527002,1
-1.47800391,11.79852587,1
1.599820884,12.09796351,1
-0.223223959,11.09912838,1
0.696860261,12.80562834,1
1.923775438,11.30741438,1
1.397070918,10.11181144,1
-3.046244091,11.6174267,1
1.698108457,11.01810533,1
-1.04272138,11.27762328,1
1.179800237,10.46904647,1
-1.236069885,12.81093187,1
0.6507042,10.61680759,1
-2.578612583,11.86069783,1
3.087183968,11.70231031,1
-2.938426563,12.52767582,1
-2.946818064,11.00832817,1
-2.110910695,12.3951489,1
-0.098098841,12.89945604,1
1.73305175,11.75423242,1
-0.002664863,11.56195495,1
0.526839415,12.4419056,1
-1.963427754,11.88457471,1
-0.705688247,13.88111753,1
1.002451799,12.12552878,1
4.505839466,9.929047338,1
-1.155045508,12.68799131,1
-3.175573568,12.66674989,1
-2.284400018,10.91141274,1
0.995426615,11.33890549,1
2.104881784,12.80428396,1
2.627851741,11.00717425,1
2.221519373,11.41915984,1
0.613612071,12.21785152,1
2.451876709,10.82730006,1
1.443912511,12.22997432,1
0.793203152,11.94084443,1
1.935768226,13.74055952,1
-1.895336315,12.4317511,1
-1.578910669,11.37401965,1
0.051043176,12.8771786,1
-0.872877744,11.49903455,1
-1.425074267,13.05092388,1
2.291480383,10.44997868,1
-0.815549981,13.03962454,1
1.463014004,12.41026218,1
-3.499605944,12.6040752,1
1.690902596,11.5775379,1
-1.142895569,12.73701888,1
-4.521474535,11.92132391,1
-1.236313462,12.31462415,1
-0.533584074,11.33460812,1
2.064803424,12.74981839,1
0.823856302,11.9240748,1
-1.059211144,12.78232676,1
0.37271263,12.72512087,1
-0.509461751,11.03801958,1
-0.139005978,10.71465855,1
1.662653731,10.97777815,1
1.384136863,11.06256733,1
-3.112134652,10.9084802,1
2.555556106,11.15748675,1
1.996839725,11.92580311,1
-0.212401913,11.25971616,1
-1.792432162,12.95990676,1
-0.42119511,12.32224895,1
0.419666923,13.13480434,1
-2.974748257,12.44100939,1
-0.822468689,12.64266642,1
0.011267123,12.56971512,1
1.230377433,11.03309337,1
1.925009835,11.29147704,1
2.43369925,11.91254633,1
3.495440006,11.82807054,1
-1.745386619,12.8347863,1
-2.095592498,11.70528452,1
2.675622416,10.93940485,1
-2.956742981,12.34485956,1
-1.641432823,12.2609692,1
2.136611644,14.48653241,1
-3.176666316,13.39208148,1
1.500762431,12.58858405,1
2.139547299,13.07161606,1
-2.218287863,11.75291488,1
1.67543816,10.2472005,1
-3.534766808,13.11874759,1
-1.315231798,12.1281457,1
-0.05295342,13.59695517,1
-0.601412194,13.00678741,1
0.696198351,12.84771519,1
0.31633945,11.65475219,1
1.733874644,12.87940009,1
-2.354705702,11.60567776,1
-0.988220383,12.27083621,1
2.831278537,11.9355481,1
0.918854459,12.32481407,1
0.510735757,14.34495044,1
-0.023426793,11.85596025,1
2.896717486,11.59910899,1
4.193881784,13.31550639,1
-2.474927326,11.32649827,1
0.486370818,11.96485244,1
2.518318532,10.76605069,1
0.858908772,12.32034447,1
-5.358005095,12.51492882,1
-1.544662859,12.56938159,1
-0.91663703,11.99598333,1
-0.507955137,12.61175437,1
2.538400221,11.50982754,1
4.072631449,10.27281798,1
0.957312607,11.4427141,1
1.855357908,12.80212523,1
2.475649726,13.50391024,1
-1.024607875,12.91965873,1
-1.376950507,11.44275319,1
0.279904735,12.34865114,1
1.080093137,10.91149018,1
-2.38318567,12.60064303,1
1.570043306,12.41302461,1
-0.425937252,10.47571037,1
-1.190734274,11.68888105,1
2.052142675,13.63678783,1
0.223571624,9.99745739,1
-0.666443845,11.34386674,1
-0.649605805,10.42799534,1
-0.697933885,10.94892033,1
2.00818079,10.3462007,1
-3.55204449,12.36941591,1
-0.956399909,11.06382007,1
-3.894110343,12.09828163,1
1.933703747,12.63027639,1
-2.809455446,11.67851637,1
-1.656151539,12.62766987,1
-1.975708776,11.78836819,1
2.096949767,11.7119781,1
-0.128766093,12.34210335,1
-0.474689647,12.97972122,1
-1.181728122,11.65732195,1
1.677951474,13.64724513,1
-2.802570682,10.75575003,1
-1.329588426,9.875323751,1
1.205489417,12.22554964,1
-3.259273363,9.678934545,1
0.03061704,9.102497884,1
-0.952287867,11.83786189,1
3.490631987,12.11426847,1
2.269533976,11.58099122,1
0.029463651,11.63957009,1
0.683637405,12.45445667,1
-0.517873738,11.52248656,1
6.309335622,12.11853867,1
-0.389783243,11.5808107,1
-4.028919845,11.51545283,1
-1.183216626,13.75187076,1
-0.908759761,13.88120418,1
-3.188559222,12.18039215,1
0.560898579,12.79630667,1
2.782976579,13.25432114,1
-1.031511269,10.41468337,1
-2.591553541,9.579733505,1
-1.472025804,13.18545522,1
0.656888988,12.04488484,1
-0.256895029,10.55807198,1
-3.915859088,12.6904708,1
1.124141917,12.73162836,1
1.165695217,13.89162646,1
-3.617576008,11.78286792,1
0.330441285,11.79105245,1
1.510546516,10.86121644,1
1.13057216,9.414565183,1
-0.842786462,11.2902639,1
1.819922705,13.1378657,1
-2.626840896,10.91916698,1
-3.9468292,12.23221745,1
2.020133979,10.51770577,1
0.218319371,13.44953063,1
1.365226241,13.27826316,1
-1.788447536,11.13808409,1
3.227089689,10.9434375,1
-1.179997572,12.9667333,1
1.328490372,13.06457981,1
-2.252427904,12.91301414,1
-1.993251556,12.02665894,1
-1.813675765,12.31238056,1
-0.562985051,12.46792364,1
0.897393687,11.56990804,1
2.035626601,13.95480347,1
1.997626269,11.06622524,1
1.199805636,11.26162518,1
1.176192811,12.02936799,1
-0.516103685,12.08151663,1
-1.196102722,10.91669128,1
-0.160725171,10.72198691,1
1.075597673,11.26601672,1
-1.190465618,11.63118646,1
3.343550197,11.97672018,1
3.151951312,10.69992939,1
1.561185172,11.29318705,1
1.040991015,11.52512679,1
-1.745385147,10.93338999,1
-4.87558435,12.9945508,1
-1.614982633,12.51504503,1
-2.716467019,11.65048897,1
1.539991196,13.58556039,1
3.257297058,13.15920897,1
0.585488662,11.86169584,1
-0.822751771,13.02689178,1
-2.019366707,11.78041851,1
-1.095600728,11.523536,1
1.40135901,11.15023501,1
-0.058687922,13.33662125,1
3.760361719,13.54545684,1
-1.733844695,13.07286646,1
-5.391181525,11.86241261,1
0.28563611,13.34949788,1
-2.054929257,11.89482271,1
1.056208368,12.21118463,1
0.299384177,11.96722898,1
3.050484233,11.56348456,1
-3.67368849,12.27878897,1
0.908492546,12.25915735,1
1.389015947,10.98379611,1
-2.602501816,12.15268749,1
2.122112208,14.64120784,1
4.437231199,12.49634231,1
0.399002147,13.46652931,1
2.080810893,12.28894733,1
0.384694756,11.6152824,1
-3.035051697,11.79338781,1
1.142719869,10.57841085,1
-1.02164955,11.22306137,1
-0.676619125,12.83501364,1
0.968930878,12.57091816,1
1.576650611,11.82375096,1
-3.31208279,14.77185959,1
3.252401853,13.75944686,1
1.386786571,11.972337,1
-0.477556151,11.86120482,1
1.929472759,12.67009612,1
-1.927829066,11.46818894,1
0.108315719,13.08666935,1
1.755191373,12.24010263,1
-0.722014125,12.49612627,1
-0.495429666,10.80695262,1
-1.760541725,12.15485727,1
0.574786153,12.32948981,1
-0.584501491,10.63549739,1
-0.386847018,10.78854803,1
3.430620025,10.88364077,1
1.006705148,12.73260309,1
-1.129591326,12.71626341,1
0.95080816,10.21420994,1
-3.86515452,12.12277551,1
-3.623387973,10.37673572,1
-1.242962563,12.02118109,1
-1.99680688,12.3985137,1
-0.90470697,10.03083744,1
1.695926174,13.32957855,1
0.662853247,11.9318205,1
-3.670146379,10.79440172,1
-0.667710074,14.43562648,1
3.711194397,13.91719344,1
-1.523539043,12.38383329,1
-5.580369924,11.8036868,1
-4.382646919,12.99528497,1
-2.477450307,12.88543977,1
1.386231512,9.575781661,1
-1.257861922,11.0848298,1
0.463736392,10.55668776,1
10.96034628,11.50616395,-1
14.21438288,11.97738229,-1
8.995554405,13.49552748,-1
11.112211,11.73435074,-1
13.34683454,12.56795805,-1
5.985315924,11.60032056,-1
14.97439065,11.99792795,-1
7.802711669,9.969408359,-1
11.76807789,10.96107576,-1
11.52504164,11.94969077,-1
12.27390911,11.2648666,-1
13.36801577,10.10458931,-1
8.892860767,12.60925384,-1
14.45569542,11.52047523,-1
11.93013875,12.75112534,-1
12.35287873,11.01965664,-1
9.621911867,9.762633966,-1
11.90121057,13.51083113,-1
12.69346913,11.59038838,-1
12.21511204,11.93811217,-1
12.94859079,11.32787408,-1
9.548789238,11.63508604,-1
7.490526293,13.37325953,-1
11.81298423,13.09655172,-1
9.767260285,11.28419773,-1
11.77834947,12.47401622,-1
12.72409849,11.60893686,-1
9.107475602,11.72314601,-1
8.418317724,11.51460875,-1
10.06977388,11.48296933,-1
10.25265015,13.74305651,-1
11.54868279,11.84110811,-1
11.42970962,12.76835802,-1
14.03445689,12.20607756,-1
11.70298866,12.63794883,-1
13.47442334,12.10216441,-1
11.46634573,11.60564449,-1
9.381609985,11.89660432,-1
13.41222473,14.10950076,-1
10.52875612,12.16594027,-1
8.826544172,11.3536582,-1
12.95273197,11.68856776,-1
13.19059463,13.77247749,-1
12.91493315,10.80369498,-1
10.50281377,11.84778467,-1
12.04016128,11.21542202,-1
10.42407902,10.3936318,-1
12.22728288,12.65467644,-1
11.08651879,12.62752728,-1
13.37335661,12.75919262,-1
11.60515298,12.83198477,-1
11.03535255,11.51262991,-1
12.40296061,12.34553093,-1
9.420497684,10.55266768,-1
11.56160521,9.836103311,-1
9.648639552,11.82733535,-1
10.93281398,13.49411131,-1
14.16548743,10.54551951,-1
12.46258426,11.52018913,-1
11.10781316,13.64447885,-1
12.78237795,14.12615164,-1
12.57690253,13.52980854,-1
11.18670632,12.67672124,-1
9.476433503,11.57005803,-1
15.58906071,12.61048549,-1
12.10006775,11.4031118,-1
15.29342089,13.11291331,-1
11.9057869,12.20493805,-1
14.47243386,11.07325531,-1
13.18935106,12.11089715,-1
11.98519317,12.89305478,-1
8.7987368,13.59052653,-1
10.52323238,10.57626255,-1
11.29858292,11.24969709,-1
13.96527803,12.33396461,-1
13.82401913,12.80437207,-1
12.54949746,12.27370956,-1
11.84743029,11.62712792,-1
13.02868404,15.65627449,-1
10.91206066,10.25636247,-1
14.05678378,13.72539204,-1
10.55524041,11.84229101,-1
9.046596688,10.76780872,-1
11.74447387,11.59889673,-1
9.011143229,13.07661787,-1
12.62050951,12.88560456,-1
14.507028,10.05713262,-1
9.19483914,12.81325828,-1
8.63267738,12.4281303,-1
11.5113489,13.05233993,-1
11.82968782,13.68430605,-1
14.33000143,9.557873293,-1
12.6401869,13.29183823,-1
12.85413691,11.2808045,-1
10.44617917,11.24549358,-1
11.96714989,11.12087214,-1
14.11997158,12.21810928,-1
13.39480288,11.64838464,-1
11.47805292,12.36844617,-1
11.36037758,11.22073793,-1
16.80515792,13.67553517,-1
12.76226016,12.17184961,-1
10.7551592,10.87540297,-1
11.13444819,12.20851433,-1
12.33716499,11.88409241,-1
14.72727057,13.07775647,-1
11.44453103,11.31711616,-1
12.32423306,12.92587614,-1
15.39711977,12.50175364,-1
14.15839121,13.78543173,-1
11.05422089,11.93296816,-1
10.14457738,13.367307,-1
14.48038942,11.78609586,-1
11.94873607,12.89760719,-1
11.77537219,10.75238935,-1
9.251965946,11.53701112,-1
6.691461397,12.04168067,-1
10.23821858,12.60759178,-1
14.8388021,11.17123871,-1
11.01243845,11.54086287,-1
10.29082814,10.82019114,-1
11.29399362,14.69121633,-1
13.4005863,11.23613378,-1
10.44664448,11.79549689,-1
7.224894696,10.26440403,-1
10.5476564,10.92337312,-1
14.22572673,12.04636438,-1
14.66788429,11.16820913,-1
14.31144344,12.32146022,-1
12.9352677,13.09338202,-1
12.35871207,11.59477163,-1
9.866977988,13.14605819,-1
13.42083637,13.15265059,-1
10.46861649,13.76802431,-1
12.94686222,12.61104974,-1
9.262185504,12.04612252,-1
11.76234007,13.991402,-1
14.51189312,12.7181309,-1
11.38180537,11.91905485,-1
12.81445442,11.57261277,-1
11.86455203,11.78218372,-1
11.15809129,11.74709011,-1
12.5098867,11.21074941,-1
10.99536049,11.96785972,-1
13.14444468,12.59704218,-1
10.59894571,11.89704975,-1
10.38850102,10.96610274,-1
11.13837381,11.38958658,-1
13.9512112,12.50552704,-1
12.97526004,12.75796673,-1
13.82486548,12.75924753,-1
16.34541615,11.19048904,-1
11.28095001,11.50513987,-1
10.90443959,10.74658103,-1
13.70809901,11.61131047,-1
11.63278644,10.96074045,-1
13.180771,10.83083762,-1
13.47350943,12.73455495,-1
13.65511907,10.01194004,-1
11.75196506,11.72957936,-1
15.91015507,12.63187892,-1
11.7221225,11.99207774,-1
8.987358002,12.22325674,-1
10.73914866,12.3376102,-1
13.58089455,15.01877639,-1
14.80414454,11.38558828,-1
11.28666852,12.59315065,-1
15.4558681,10.82851022,-1
12.28390634,12.99537879,-1
10.94344098,12.73395842,-1
14.04236824,12.99534784,-1
11.29931342,11.59929717,-1
9.579274474,11.57332387,-1
6.190931385,12.88866497,-1
13.47689431,12.50543349,-1
13.08584278,13.55654697,-1
10.02606732,12.83747174,-1
9.602019009,14.64592322,-1
7.545745608,13.48648354,-1
10.32659856,10.65560981,-1
10.84650008,10.50681281,-1
13.8293415,11.52238841,-1
11.6797683,10.71516784,-1
16.18631703,11.71817934,-1
10.65606669,13.15444507,-1
9.771109554,13.22835527,-1
11.48384738,11.34055283,-1
12.3643912,13.33594903,-1
12.32736096,12.59001531,-1
12.3335168,11.86219474,-1
12.86005739,12.81217189,-1
13.15711741,13.37817181,-1
11.33671225,11.68530857,-1
9.850592786,11.97621473,-1
12.18867069,12.17491976,-1
14.2817338,11.63374652,-1
16.33298782,12.48003267,-1
11.71218005,12.49704189,-1
9.276551993,13.27202533,-1
8.770088196,12.08856636,-1
10.58822629,11.23628988,-1
9.413265182,11.91663882,-1
11.32794204,11.89878223,-1
9.266065707,11.55816521,-1
12.84208883,14.59095553,-1
15.26423113,11.64658028,-1
14.4153679,12.06035741,-1
12.29656844,11.34628783,-1
12.76453777,11.99210414,-1
11.53550592,11.63034294,-1
9.775049945,12.07447204,-1
9.477268862,12.25800939,-1
10.64512363,11.70587072,-1
12.46702669,12.29043187,-1
8.525586571,14.69103201,-1
11.22182098,13.20598951,-1
12.38689772,12.78748174,-1
12.81996773,11.06609641,-1
13.22842737,12.68558935,-1
16.29296827,13.12981246,-1
10.83314286,9.730130484,-1
13.11148163,12.2693778,-1
8.777021146,14.63407046,-1
13.87710463,11.02887658,-1
10.97296812,10.90325732,-1
13.54229264,13.34654308,-1
17.5039998,10.46261714,-1
10.34159516,11.53775915,-1
11.32314562,12.3597511,-1
15.52405129,11.65754556,-1
14.85556664,11.89544868,-1
12.87953524,12.09852379,-1
11.16393399,11.4913887,-1
10.42604677,11.98328781,-1
9.965927237,10.88989503,-1
10.35598145,9.93644879,-1
12.56095916,13.08613944,-1
12.57227342,10.0452534,-1
15.3293639,11.47096777,-1
12.09727031,13.61966992,-1
13.06061232,9.740450199,-1
10.61515588,12.14005791,-1
12.3234102,12.99465007,-1
9.512610129,13.79188209,-1
13.44205536,11.92323677,-1
9.05022536,11.75858476,-1
12.25079639,9.963333198,-1
14.06360763,12.26678364,-1
12.78582587,11.20401601,-1
13.18477227,11.23567267,-1
11.03089549,12.32478875,-1
6.614783021,11.84098217,-1
11.0359096,11.38901606,-1
12.79124345,10.77481147,-1
8.923153033,12.1019426,-1
10.36072614,11.12497167,-1
15.30048437,11.21690186,-1
11.78065458,12.38715232,-1
12.14288134,13.28518335,-1
8.991323558,11.63378274,-1
11.90592414,12.16040863,-1
13.89889135,11.5215848,-1
8.466173829,12.01223411,-1
11.20748543,11.00586312,-1
11.37227441,11.10128943,-1
12.76602733,11.6102028,-1
14.6936259,13.39971246,-1
15.42798068,11.22907179,-1
13.0442279,11.53054663,-1
15.09433908,13.40942115,-1
10.77102581,10.97323338,-1
11.48863128,12.58735232,-1
9.741959069,11.17891737,-1
16.47255634,11.940518,-1
8.266045939,12.21796713,-1
12.93175672,12.6498966,-1
11.23523881,11.81842447,-1
12.89886593,11.33225022,-1
8.836865201,11.78010333,-1
8.428387554,13.17882552,-1
12.6067702,13.91320772,-1
15.94237684,12.32545608,-1
12.97140861,13.11965866,-1
13.26739784,11.17040348,-1
10.54124466,12.28705747,-1
12.66748042,13.14815419,-1
10.76053779,12.08607917,-1
10.6408816,11.61629891,-1
10.1892698,10.77522236,-1
11.30379499,13.748364,-1
13.72249388,12.21185406,-1
16.45835957,12.78124833,-1
12.54956339,13.67129326,-1
11.68284129,11.83636979,-1
9.16123567,11.18160395,-1
13.61309789,11.92377047,-1
13.18513523,10.32986234,-1
10.24591878,11.02729724,-1
13.69979174,12.15427236,-1
14.65822182,11.82084333,-1
